<?xml version="1.0" encoding="UTF-8"?>
<GenRun Id="impl_1" LaunchPart="xc7a100tcsg324-1" LaunchTime="1521013551">
  <File Type="RUN-CONSTRS" Name="$PDATADIR/runs/impl_1/constrs_in.xml"/>
  <File Type="OPT-DCP" Name="mips_cpu_opt.dcp"/>
  <File Type="RUN-SRCS" Name="$PDATADIR/runs/impl_1/sources.xml"/>
  <File Type="RUN-STRAT" Name="$PDATADIR/runs/impl_1/impl_1.psg"/>
  <File Type="ROUTE-DCP" Name="mips_cpu_routed.dcp"/>
  <File Type="PA-TCL" Name="mips_cpu.tcl"/>
  <File Type="PWROPT-DCP" Name="mips_cpu_pwropt.dcp"/>
  <File Type="OPT-DRC" Name="mips_cpu_drc_opted.rpt"/>
  <File Type="PWROPT-DRC" Name="mips_cpu_drc_pwropted.rpt"/>
  <File Type="OPT-HWDEF" Name="mips_cpu.hwdef"/>
  <File Type="PLACE-DCP" Name="mips_cpu_placed.dcp"/>
  <File Type="PLACE-IO" Name="mips_cpu_io_placed.rpt"/>
  <File Type="PLACE-CLK" Name="mips_cpu_clock_utilization_placed.rpt"/>
  <File Type="PLACE-UTIL" Name="mips_cpu_utilization_placed.rpt"/>
  <File Type="PLACE-UTIL-PB" Name="mips_cpu_utilization_placed.pb"/>
  <File Type="PLACE-CTRL" Name="mips_cpu_control_sets_placed.rpt"/>
  <File Type="PLACE-SIMILARITY" Name="mips_cpu_incremental_reuse_placed.rpt"/>
  <File Type="PLACE-PRE-SIMILARITY" Name="mips_cpu_incremental_reuse_pre_placed.rpt"/>
  <File Type="POSTPLACE-PWROPT-DCP" Name="mips_cpu_postplace_pwropt.dcp"/>
  <File Type="PHYSOPT-DCP" Name="mips_cpu_physopt.dcp"/>
  <File Type="PHYSOPT-DRC" Name="mips_cpu_drc_physopted.rpt"/>
  <File Type="RDI-RDI" Name="mips_cpu.vdi"/>
  <File Type="ROUTE-DRC" Name="mips_cpu_drc_routed.rpt"/>
  <File Type="ROUTE-DRC-PB" Name="mips_cpu_drc_routed.pb"/>
  <File Type="ROUTE-PWR" Name="mips_cpu_power_routed.rpt"/>
  <File Type="ROUTE-PWR-SUM" Name="mips_cpu_power_summary_routed.pb"/>
  <File Type="ROUTE-STATUS" Name="mips_cpu_route_status.rpt"/>
  <File Type="ROUTE-STATUS-PB" Name="mips_cpu_route_status.pb"/>
  <File Type="ROUTE-TIMINGSUMMARY" Name="mips_cpu_timing_summary_routed.rpt"/>
  <File Type="ROUTE-TIMING-PB" Name="mips_cpu_timing_summary_routed.pb"/>
  <File Type="ROUTE-TIMING-RPX" Name="mips_cpu_timing_summary_routed.rpx"/>
  <File Type="ROUTE-SIMILARITY" Name="mips_cpu_incremental_reuse_routed.rpt"/>
  <File Type="ROUTE-CLK" Name="mips_cpu_clock_utilization_routed.rpt"/>
  <File Type="POSTROUTE-PHYSOPT-DCP" Name="mips_cpu_postroute_physopt.dcp"/>
  <File Type="POSTROUTE-PHYSOPT-TIMING" Name="mips_cpu_timing_summary_postroute_physopted.rpt"/>
  <File Type="POSTROUTE-PHYSOPT-TIMING-PB" Name="mips_cpu_timing_summary_postroute_physopted.pb"/>
  <File Type="POSTROUTE-PHYSOPT-TIMING-RPX" Name="mips_cpu_timing_summary_postroute_physopted.rpx"/>
  <File Type="BG-BIT" Name="mips_cpu.bit"/>
  <File Type="BG-BIN" Name="mips_cpu.bin"/>
  <File Type="BITSTR-MSK" Name="mips_cpu.msk"/>
  <File Type="BITSTR-RBT" Name="mips_cpu.rbt"/>
  <File Type="BITSTR-NKY" Name="mips_cpu.nky"/>
  <File Type="BITSTR-BMM" Name="mips_cpu_bd.bmm"/>
  <File Type="BITSTR-MMI" Name="mips_cpu.mmi"/>
  <File Type="BITSTR-SYSDEF" Name="mips_cpu.sysdef"/>
  <File Type="BG-BGN" Name="mips_cpu.bgn"/>
  <File Type="BG-DRC" Name="mips_cpu.drc"/>
  <File Type="WBT-USG" Name="usage_statistics_webtalk.html"/>
  <FileSet Name="sources" Type="DesignSrcs" RelSrcDir="$PSRCDIR/sources_1">
    <Filter Type="Srcs"/>
    <File Path="$PSRCDIR/sources_1/imports/MIPS_CPU/H2D/H2D.v">
      <FileInfo>
        <Attr Name="ImportPath" Val="$PPRDIR/../../../project_1.srcs/sources_1/imports/MIPS_CPU/H2D/H2D.v"/>
        <Attr Name="ImportTime" Val="1520917493"/>
        <Attr Name="UsedIn" Val="synthesis"/>
        <Attr Name="UsedIn" Val="implementation"/>
        <Attr Name="UsedIn" Val="simulation"/>
      </FileInfo>
    </File>
    <File Path="$PSRCDIR/sources_1/imports/MIPS_CPU/MUX/sel_bits_2_mux.v">
      <FileInfo>
        <Attr Name="ImportPath" Val="$PPRDIR/../../../project_1.srcs/sources_1/imports/MIPS_CPU/MUX/sel_bits_2_mux.v"/>
        <Attr Name="ImportTime" Val="1520858224"/>
        <Attr Name="UsedIn" Val="synthesis"/>
        <Attr Name="UsedIn" Val="implementation"/>
        <Attr Name="UsedIn" Val="simulation"/>
      </FileInfo>
    </File>
    <File Path="$PSRCDIR/sources_1/imports/MIPS_CPU/show_signal/_7Seg_Dirver_Decode.v">
      <FileInfo>
        <Attr Name="ImportPath" Val="$PPRDIR/../../../project_1.srcs/sources_1/imports/MIPS_CPU/show_signal/_7Seg_Dirver_Decode.v"/>
        <Attr Name="ImportTime" Val="1520931509"/>
        <Attr Name="UsedIn" Val="synthesis"/>
        <Attr Name="UsedIn" Val="implementation"/>
        <Attr Name="UsedIn" Val="simulation"/>
      </FileInfo>
    </File>
    <File Path="$PSRCDIR/sources_1/imports/MIPS_CPU/MUX/sel_bits_1_mux.v">
      <FileInfo>
        <Attr Name="ImportPath" Val="$PPRDIR/../../../project_1.srcs/sources_1/imports/MIPS_CPU/MUX/sel_bits_1_mux.v"/>
        <Attr Name="ImportTime" Val="1520858224"/>
        <Attr Name="UsedIn" Val="synthesis"/>
        <Attr Name="UsedIn" Val="implementation"/>
        <Attr Name="UsedIn" Val="simulation"/>
      </FileInfo>
    </File>
    <File Path="$PSRCDIR/sources_1/imports/MIPS_CPU/counter/counter.v">
      <FileInfo>
        <Attr Name="ImportPath" Val="$PPRDIR/../../../project_1.srcs/sources_1/imports/MIPS_CPU/counter/counter.v"/>
        <Attr Name="ImportTime" Val="1520870541"/>
        <Attr Name="UsedIn" Val="synthesis"/>
        <Attr Name="UsedIn" Val="implementation"/>
        <Attr Name="UsedIn" Val="simulation"/>
      </FileInfo>
    </File>
    <File Path="$PSRCDIR/sources_1/imports/MIPS_CPU/show_signal/show_signal.v">
      <FileInfo>
        <Attr Name="ImportPath" Val="$PPRDIR/../../../project_1.srcs/sources_1/imports/MIPS_CPU/show_signal/show_signal.v"/>
        <Attr Name="ImportTime" Val="1520931509"/>
        <Attr Name="UsedIn" Val="synthesis"/>
        <Attr Name="UsedIn" Val="implementation"/>
        <Attr Name="UsedIn" Val="simulation"/>
      </FileInfo>
    </File>
    <File Path="$PSRCDIR/sources_1/imports/MIPS_CPU/IM/IM.v">
      <FileInfo>
        <Attr Name="ImportPath" Val="$PPRDIR/../../../project_1.srcs/sources_1/imports/MIPS_CPU/IM/IM.v"/>
        <Attr Name="ImportTime" Val="1520952308"/>
        <Attr Name="UsedIn" Val="synthesis"/>
        <Attr Name="UsedIn" Val="implementation"/>
        <Attr Name="UsedIn" Val="simulation"/>
      </FileInfo>
    </File>
    <File Path="$PSRCDIR/sources_1/imports/MIPS_CPU/Controler/controler.v">
      <FileInfo>
        <Attr Name="ImportPath" Val="$PPRDIR/../../../project_1.srcs/sources_1/imports/MIPS_CPU/Controler/controler.v"/>
        <Attr Name="ImportTime" Val="1520917006"/>
        <Attr Name="UsedIn" Val="synthesis"/>
        <Attr Name="UsedIn" Val="implementation"/>
        <Attr Name="UsedIn" Val="simulation"/>
      </FileInfo>
    </File>
    <File Path="$PSRCDIR/sources_1/imports/MIPS_CPU/D_Ext/D_Ext.v">
      <FileInfo>
        <Attr Name="ImportPath" Val="$PPRDIR/../../../project_1.srcs/sources_1/imports/MIPS_CPU/D_Ext/D_Ext.v"/>
        <Attr Name="ImportTime" Val="1520870541"/>
        <Attr Name="UsedIn" Val="synthesis"/>
        <Attr Name="UsedIn" Val="implementation"/>
        <Attr Name="UsedIn" Val="simulation"/>
      </FileInfo>
    </File>
    <File Path="$PSRCDIR/sources_1/imports/MIPS_CPU/CPU_ALU/RISC_ALU.v">
      <FileInfo>
        <Attr Name="ImportPath" Val="$PPRDIR/../../../project_1.srcs/sources_1/imports/MIPS_CPU/CPU_ALU/RISC_ALU.v"/>
        <Attr Name="ImportTime" Val="1520946463"/>
        <Attr Name="UsedIn" Val="synthesis"/>
        <Attr Name="UsedIn" Val="implementation"/>
        <Attr Name="UsedIn" Val="simulation"/>
      </FileInfo>
    </File>
    <File Path="$PSRCDIR/sources_1/imports/MIPS_CPU/DM/DataMemo.v">
      <FileInfo>
        <Attr Name="ImportPath" Val="$PPRDIR/../../../project_1.srcs/sources_1/imports/MIPS_CPU/DM/DataMemo.v"/>
        <Attr Name="ImportTime" Val="1520986175"/>
        <Attr Name="UsedIn" Val="synthesis"/>
        <Attr Name="UsedIn" Val="implementation"/>
        <Attr Name="UsedIn" Val="simulation"/>
      </FileInfo>
    </File>
    <File Path="$PSRCDIR/sources_1/imports/MIPS_CPU/DVM/DVM.v">
      <FileInfo>
        <Attr Name="ImportPath" Val="$PPRDIR/../../../project_1.srcs/sources_1/imports/MIPS_CPU/DVM/DVM.v"/>
        <Attr Name="ImportTime" Val="1520917493"/>
        <Attr Name="UsedIn" Val="synthesis"/>
        <Attr Name="UsedIn" Val="implementation"/>
        <Attr Name="UsedIn" Val="simulation"/>
      </FileInfo>
    </File>
    <File Path="$PSRCDIR/sources_1/imports/MIPS_CPU/NPC/NPC.v">
      <FileInfo>
        <Attr Name="ImportPath" Val="$PPRDIR/../../../project_1.srcs/sources_1/imports/MIPS_CPU/NPC/NPC.v"/>
        <Attr Name="ImportTime" Val="1520944859"/>
        <Attr Name="UsedIn" Val="synthesis"/>
        <Attr Name="UsedIn" Val="implementation"/>
        <Attr Name="UsedIn" Val="simulation"/>
      </FileInfo>
    </File>
    <File Path="$PSRCDIR/sources_1/imports/MIPS_CPU/RegisterFile/RF.v">
      <FileInfo>
        <Attr Name="ImportPath" Val="$PPRDIR/../../../project_1.srcs/sources_1/imports/MIPS_CPU/RegisterFile/RF.v"/>
        <Attr Name="ImportTime" Val="1520986381"/>
        <Attr Name="UsedIn" Val="synthesis"/>
        <Attr Name="UsedIn" Val="implementation"/>
        <Attr Name="UsedIn" Val="simulation"/>
      </FileInfo>
    </File>
    <File Path="$PSRCDIR/sources_1/imports/MIPS_CPU/CPU/MIPS_CPU.v">
      <FileInfo>
        <Attr Name="ImportPath" Val="$PPRDIR/../../../project_1.srcs/sources_1/imports/MIPS_CPU/CPU/MIPS_CPU.v"/>
        <Attr Name="ImportTime" Val="1520959198"/>
        <Attr Name="UsedIn" Val="synthesis"/>
        <Attr Name="UsedIn" Val="implementation"/>
        <Attr Name="UsedIn" Val="simulation"/>
      </FileInfo>
    </File>
    <Config>
      <Option Name="DesignMode" Val="RTL"/>
      <Option Name="TopModule" Val="mips_cpu"/>
      <Option Name="TopAutoSet" Val="TRUE"/>
    </Config>
  </FileSet>
  <FileSet Name="constrs_in" Type="Constrs" RelSrcDir="$PSRCDIR/constrs_1">
    <Filter Type="Constrs"/>
    <File Path="$PSRCDIR/constrs_1/imports/MIPS_CPU/Nexys4DDR_Master.xdc">
      <FileInfo>
        <Attr Name="ImportPath" Val="$PPRDIR/../../../project_1.srcs/constrs_1/imports/MIPS_CPU/Nexys4DDR_Master.xdc"/>
        <Attr Name="ImportTime" Val="1520944859"/>
        <Attr Name="UsedIn" Val="synthesis"/>
        <Attr Name="UsedIn" Val="implementation"/>
      </FileInfo>
    </File>
    <Config>
      <Option Name="ConstrsType" Val="XDC"/>
    </Config>
  </FileSet>
  <Strategy Version="1" Minor="2">
    <StratHandle Name="Vivado Implementation Defaults" Flow="Vivado Implementation 2015"/>
    <Step Id="init_design"/>
    <Step Id="opt_design"/>
    <Step Id="power_opt_design"/>
    <Step Id="place_design"/>
    <Step Id="post_place_power_opt_design"/>
    <Step Id="phys_opt_design"/>
    <Step Id="route_design"/>
    <Step Id="post_route_phys_opt_design"/>
    <Step Id="write_bitstream"/>
  </Strategy>
</GenRun>
