<?xml version="1.0" encoding="UTF-8"?>
<GenRun Id="synth_1" LaunchPart="xc7a100tcsg324-1" LaunchTime="1521013551">
  <File Type="RUN-CONSTRS" Name="$PDATADIR/runs/synth_1/constrs_in.xml"/>
  <File Type="RDS-DCP" Name="mips_cpu.dcp"/>
  <File Type="RUN-SRCS" Name="$PDATADIR/runs/synth_1/sources.xml"/>
  <File Type="RDS-UTIL-PB" Name="mips_cpu_utilization_synth.pb"/>
  <File Type="RUN-STRAT" Name="$PDATADIR/runs/synth_1/synth_1.psg"/>
  <File Type="PA-TCL" Name="mips_cpu.tcl"/>
  <File Type="RDS-PROPCONSTRS" Name="mips_cpu_drc_synth.rpt"/>
  <File Type="RDS-RDS" Name="mips_cpu.vds"/>
  <File Type="RDS-UTIL" Name="mips_cpu_utilization_synth.rpt"/>
  <File Type="VDS-TIMINGSUMMARY" Name="mips_cpu_timing_summary_synth.rpt"/>
  <File Type="VDS-TIMING-PB" Name="mips_cpu_timing_summary_synth.pb"/>
  <FileSet Name="sources" Type="DesignSrcs" RelSrcDir="$PSRCDIR/sources_1">
    <Filter Type="Srcs"/>
    <File Path="$PSRCDIR/sources_1/imports/MIPS_CPU/H2D/H2D.v">
      <FileInfo>
        <Attr Name="ImportPath" Val="$PPRDIR/../../../project_1.srcs/sources_1/imports/MIPS_CPU/H2D/H2D.v"/>
        <Attr Name="ImportTime" Val="1520917493"/>
        <Attr Name="UsedIn" Val="synthesis"/>
        <Attr Name="UsedIn" Val="implementation"/>
        <Attr Name="UsedIn" Val="simulation"/>
      </FileInfo>
    </File>
    <File Path="$PSRCDIR/sources_1/imports/MIPS_CPU/MUX/sel_bits_2_mux.v">
      <FileInfo>
        <Attr Name="ImportPath" Val="$PPRDIR/../../../project_1.srcs/sources_1/imports/MIPS_CPU/MUX/sel_bits_2_mux.v"/>
        <Attr Name="ImportTime" Val="1520858224"/>
        <Attr Name="UsedIn" Val="synthesis"/>
        <Attr Name="UsedIn" Val="implementation"/>
        <Attr Name="UsedIn" Val="simulation"/>
      </FileInfo>
    </File>
    <File Path="$PSRCDIR/sources_1/imports/MIPS_CPU/show_signal/_7Seg_Dirver_Decode.v">
      <FileInfo>
        <Attr Name="ImportPath" Val="$PPRDIR/../../../project_1.srcs/sources_1/imports/MIPS_CPU/show_signal/_7Seg_Dirver_Decode.v"/>
        <Attr Name="ImportTime" Val="1520931509"/>
        <Attr Name="UsedIn" Val="synthesis"/>
        <Attr Name="UsedIn" Val="implementation"/>
        <Attr Name="UsedIn" Val="simulation"/>
      </FileInfo>
    </File>
    <File Path="$PSRCDIR/sources_1/imports/MIPS_CPU/MUX/sel_bits_1_mux.v">
      <FileInfo>
        <Attr Name="ImportPath" Val="$PPRDIR/../../../project_1.srcs/sources_1/imports/MIPS_CPU/MUX/sel_bits_1_mux.v"/>
        <Attr Name="ImportTime" Val="1520858224"/>
        <Attr Name="UsedIn" Val="synthesis"/>
        <Attr Name="UsedIn" Val="implementation"/>
        <Attr Name="UsedIn" Val="simulation"/>
      </FileInfo>
    </File>
    <File Path="$PSRCDIR/sources_1/imports/MIPS_CPU/counter/counter.v">
      <FileInfo>
        <Attr Name="ImportPath" Val="$PPRDIR/../../../project_1.srcs/sources_1/imports/MIPS_CPU/counter/counter.v"/>
        <Attr Name="ImportTime" Val="1520870541"/>
        <Attr Name="UsedIn" Val="synthesis"/>
        <Attr Name="UsedIn" Val="implementation"/>
        <Attr Name="UsedIn" Val="simulation"/>
      </FileInfo>
    </File>
    <File Path="$PSRCDIR/sources_1/imports/MIPS_CPU/show_signal/show_signal.v">
      <FileInfo>
        <Attr Name="ImportPath" Val="$PPRDIR/../../../project_1.srcs/sources_1/imports/MIPS_CPU/show_signal/show_signal.v"/>
        <Attr Name="ImportTime" Val="1520931509"/>
        <Attr Name="UsedIn" Val="synthesis"/>
        <Attr Name="UsedIn" Val="implementation"/>
        <Attr Name="UsedIn" Val="simulation"/>
      </FileInfo>
    </File>
    <File Path="$PSRCDIR/sources_1/imports/MIPS_CPU/IM/IM.v">
      <FileInfo>
        <Attr Name="ImportPath" Val="$PPRDIR/../../../project_1.srcs/sources_1/imports/MIPS_CPU/IM/IM.v"/>
        <Attr Name="ImportTime" Val="1520952308"/>
        <Attr Name="UsedIn" Val="synthesis"/>
        <Attr Name="UsedIn" Val="implementation"/>
        <Attr Name="UsedIn" Val="simulation"/>
      </FileInfo>
    </File>
    <File Path="$PSRCDIR/sources_1/imports/MIPS_CPU/Controler/controler.v">
      <FileInfo>
        <Attr Name="ImportPath" Val="$PPRDIR/../../../project_1.srcs/sources_1/imports/MIPS_CPU/Controler/controler.v"/>
        <Attr Name="ImportTime" Val="1520917006"/>
        <Attr Name="UsedIn" Val="synthesis"/>
        <Attr Name="UsedIn" Val="implementation"/>
        <Attr Name="UsedIn" Val="simulation"/>
      </FileInfo>
    </File>
    <File Path="$PSRCDIR/sources_1/imports/MIPS_CPU/D_Ext/D_Ext.v">
      <FileInfo>
        <Attr Name="ImportPath" Val="$PPRDIR/../../../project_1.srcs/sources_1/imports/MIPS_CPU/D_Ext/D_Ext.v"/>
        <Attr Name="ImportTime" Val="1520870541"/>
        <Attr Name="UsedIn" Val="synthesis"/>
        <Attr Name="UsedIn" Val="implementation"/>
        <Attr Name="UsedIn" Val="simulation"/>
      </FileInfo>
    </File>
    <File Path="$PSRCDIR/sources_1/imports/MIPS_CPU/CPU_ALU/RISC_ALU.v">
      <FileInfo>
        <Attr Name="ImportPath" Val="$PPRDIR/../../../project_1.srcs/sources_1/imports/MIPS_CPU/CPU_ALU/RISC_ALU.v"/>
        <Attr Name="ImportTime" Val="1520946463"/>
        <Attr Name="UsedIn" Val="synthesis"/>
        <Attr Name="UsedIn" Val="implementation"/>
        <Attr Name="UsedIn" Val="simulation"/>
      </FileInfo>
    </File>
    <File Path="$PSRCDIR/sources_1/imports/MIPS_CPU/DM/DataMemo.v">
      <FileInfo>
        <Attr Name="ImportPath" Val="$PPRDIR/../../../project_1.srcs/sources_1/imports/MIPS_CPU/DM/DataMemo.v"/>
        <Attr Name="ImportTime" Val="1520986175"/>
        <Attr Name="UsedIn" Val="synthesis"/>
        <Attr Name="UsedIn" Val="implementation"/>
        <Attr Name="UsedIn" Val="simulation"/>
      </FileInfo>
    </File>
    <File Path="$PSRCDIR/sources_1/imports/MIPS_CPU/DVM/DVM.v">
      <FileInfo>
        <Attr Name="ImportPath" Val="$PPRDIR/../../../project_1.srcs/sources_1/imports/MIPS_CPU/DVM/DVM.v"/>
        <Attr Name="ImportTime" Val="1520917493"/>
        <Attr Name="UsedIn" Val="synthesis"/>
        <Attr Name="UsedIn" Val="implementation"/>
        <Attr Name="UsedIn" Val="simulation"/>
      </FileInfo>
    </File>
    <File Path="$PSRCDIR/sources_1/imports/MIPS_CPU/NPC/NPC.v">
      <FileInfo>
        <Attr Name="ImportPath" Val="$PPRDIR/../../../project_1.srcs/sources_1/imports/MIPS_CPU/NPC/NPC.v"/>
        <Attr Name="ImportTime" Val="1520944859"/>
        <Attr Name="UsedIn" Val="synthesis"/>
        <Attr Name="UsedIn" Val="implementation"/>
        <Attr Name="UsedIn" Val="simulation"/>
      </FileInfo>
    </File>
    <File Path="$PSRCDIR/sources_1/imports/MIPS_CPU/RegisterFile/RF.v">
      <FileInfo>
        <Attr Name="ImportPath" Val="$PPRDIR/../../../project_1.srcs/sources_1/imports/MIPS_CPU/RegisterFile/RF.v"/>
        <Attr Name="ImportTime" Val="1520986381"/>
        <Attr Name="UsedIn" Val="synthesis"/>
        <Attr Name="UsedIn" Val="implementation"/>
        <Attr Name="UsedIn" Val="simulation"/>
      </FileInfo>
    </File>
    <File Path="$PSRCDIR/sources_1/imports/MIPS_CPU/CPU/MIPS_CPU.v">
      <FileInfo>
        <Attr Name="ImportPath" Val="$PPRDIR/../../../project_1.srcs/sources_1/imports/MIPS_CPU/CPU/MIPS_CPU.v"/>
        <Attr Name="ImportTime" Val="1520959198"/>
        <Attr Name="UsedIn" Val="synthesis"/>
        <Attr Name="UsedIn" Val="implementation"/>
        <Attr Name="UsedIn" Val="simulation"/>
      </FileInfo>
    </File>
    <Config>
      <Option Name="DesignMode" Val="RTL"/>
      <Option Name="TopModule" Val="mips_cpu"/>
      <Option Name="TopAutoSet" Val="TRUE"/>
    </Config>
  </FileSet>
  <FileSet Name="constrs_in" Type="Constrs" RelSrcDir="$PSRCDIR/constrs_1">
    <Filter Type="Constrs"/>
    <File Path="$PSRCDIR/constrs_1/imports/MIPS_CPU/Nexys4DDR_Master.xdc">
      <FileInfo>
        <Attr Name="ImportPath" Val="$PPRDIR/../../../project_1.srcs/constrs_1/imports/MIPS_CPU/Nexys4DDR_Master.xdc"/>
        <Attr Name="ImportTime" Val="1520944859"/>
        <Attr Name="UsedIn" Val="synthesis"/>
        <Attr Name="UsedIn" Val="implementation"/>
      </FileInfo>
    </File>
    <Config>
      <Option Name="ConstrsType" Val="XDC"/>
    </Config>
  </FileSet>
  <Strategy Version="1" Minor="2">
    <StratHandle Name="Vivado Synthesis Defaults" Flow="Vivado Synthesis 2015"/>
    <Step Id="synth_design"/>
  </Strategy>
</GenRun>
